{"lastModify":1718047207508,"name":"\\g单击\\g双击~单击双击 （500ms）","steps":[{"mode":248,"values":[]},{"mode":89,"values":[250]},{"mode":89,"values":[250]},{"mode":246,"values":[4]},{"mode":6,"values":[1]},{"mode":75,"values":[10,5]},{"mode":76,"values":[16,4]},{"mode":246,"values":[6]},{"mode":21,"values":[0]},{"mode":6,"values":[35]},{"mode":29,"values":[0]},{"mode":255,"values":[]},{"mode":246,"values":[5]},{"mode":6,"values":[1]},{"mode":74,"values":[10,7]},{"mode":76,"values":[16,5]},{"mode":74,"values":[17,6]},{"mode":246,"values":[7]},{"mode":21,"values":[1]},{"mode":6,"values":[35]},{"mode":29,"values":[1]},{"mode":255,"values":[]},{"mode":255,"values":[]}]}