{"lastModify":1718047215543,"name":"\\g短按\\g长按~短按长按 （200ms）","steps":[{"mode":111,"values":[16,200]},{"mode":246,"values":[4]},{"mode":6,"values":[1]},{"mode":75,"values":[10,5]},{"mode":76,"values":[16,4]},{"mode":21,"values":[1]},{"mode":6,"values":[35]},{"mode":29,"values":[1]},{"mode":255,"values":[]},{"mode":246,"values":[5]},{"mode":6,"values":[35]},{"mode":21,"values":[0]},{"mode":6,"values":[35]},{"mode":29,"values":[0]},{"mode":255,"values":[]},{"mode":255,"values":[]}]}