{"lastModify":1718047219295,"name":"\\u数字位数~输出随机数","steps":[{"mode":248,"values":[]},{"mode":110,"values":[16,24]},{"mode":111,"values":[17,9]},{"mode":97,"values":[]},{"mode":110,"values":[16,17]},{"mode":89,"values":[30]},{"mode":21,"values":[16]},{"mode":6,"values":[35]},{"mode":29,"values":[16]},{"mode":6,"values":[35]},{"mode":94,"values":[0]},{"mode":246,"values":[4]},{"mode":110,"values":[16,24]},{"mode":111,"values":[17,10]},{"mode":97,"values":[]},{"mode":110,"values":[16,17]},{"mode":89,"values":[30]},{"mode":21,"values":[16]},{"mode":6,"values":[35]},{"mode":29,"values":[16]},{"mode":6,"values":[35]},{"mode":76,"values":[0,4]},{"mode":255,"values":[]},{"mode":255,"values":[]}]}