{"lastModify":1718047226009,"name":"~10秒一次A 15秒一次B","steps":[{"mode":110,"values":[4,19]},{"mode":246,"values":[5]},{"mode":110,"values":[16,19]},{"mode":90,"values":[4]},{"mode":111,"values":[17,10]},{"mode":97,"values":[]},{"mode":75,"values":[17,6]},{"mode":17,"values":[4]},{"mode":6,"values":[35]},{"mode":8,"values":[20]},{"mode":25,"values":[4]},{"mode":6,"values":[35]},{"mode":8,"values":[128]},{"mode":246,"values":[6]},{"mode":110,"values":[16,19]},{"mode":90,"values":[4]},{"mode":111,"values":[17,15]},{"mode":97,"values":[]},{"mode":75,"values":[17,7]},{"mode":17,"values":[5]},{"mode":6,"values":[35]},{"mode":8,"values":[20]},{"mode":25,"values":[5]},{"mode":6,"values":[35]},{"mode":246,"values":[7]},{"mode":111,"values":[16,100]},{"mode":111,"values":[17,10]},{"mode":96,"values":[]},{"mode":90,"values":[18]},{"mode":10,"values":[16]},{"mode":8,"values":[128]},{"mode":74,"values":[15,5]},{"mode":255,"values":[]}]}