{"lastModify":1718047222609,"name":"~（1~1000）数字累加输出","steps":[{"mode":110,"values":[16,11]},{"mode":95,"values":[4]},{"mode":101,"values":[16,8]},{"mode":88,"values":[11]},{"mode":95,"values":[16]},{"mode":110,"values":[17,16]},{"mode":103,"values":[17,8]},{"mode":110,"values":[11,16]},{"mode":104,"values":[4]},{"mode":110,"values":[11,17]},{"mode":110,"values":[4,16]},{"mode":111,"values":[2,3]},{"mode":77,"values":[2,17,5]},{"mode":111,"values":[2,232]},{"mode":110,"values":[1,4]},{"mode":77,"values":[2,1,5]},{"mode":104,"values":[4]},{"mode":104,"values":[11]},{"mode":95,"values":[4]},{"mode":104,"values":[11]},{"mode":2,"values":[0,0]},{"mode":246,"values":[5]},{"mode":111,"values":[17,10]},{"mode":97,"values":[]},{"mode":95,"values":[6]},{"mode":75,"values":[16,5]},{"mode":246,"values":[7]},{"mode":104,"values":[5]},{"mode":75,"values":[17,5]},{"mode":111,"values":[17,10]},{"mode":246,"values":[5]},{"mode":110,"values":[16,17]},{"mode":89,"values":[29]},{"mode":21,"values":[16]},{"mode":6,"values":[35]},{"mode":29,"values":[16]},{"mode":6,"values":[35]},{"mode":94,"values":[6]},{"mode":80,"values":[6,4,0]},{"mode":110,"values":[0,6]},{"mode":110,"values":[16,4]},{"mode":246,"values":[5]},{"mode":111,"values":[17,10]},{"mode":97,"values":[]},{"mode":76,"values":[0,5]},{"mode":74,"values":[0,7]},{"mode":255,"values":[]},{"mode":255,"values":[]},{"mode":255,"values":[]},{"mode":255,"values":[]},{"mode":255,"values":[]},{"mode":255,"values":[]},{"mode":255,"values":[]},{"mode":255,"values":[]},{"mode":255,"values":[]},{"mode":255,"values":[]},{"mode":255,"values":[]},{"mode":255,"values":[]},{"mode":255,"values":[]},{"mode":255,"values":[]},{"mode":255,"values":[]},{"mode":255,"values":[]},{"mode":255,"values":[]},{"mode":255,"values":[]},{"mode":255,"values":[]},{"mode":255,"values":[]},{"mode":255,"values":[]},{"mode":255,"values":[]},{"mode":255,"values":[]},{"mode":255,"values":[]},{"mode":255,"values":[]},{"mode":255,"values":[]},{"mode":255,"values":[]},{"mode":255,"values":[]},{"mode":255,"values":[]},{"mode":255,"values":[]},{"mode":255,"values":[]},{"mode":255,"values":[]},{"mode":255,"values":[]},{"mode":255,"values":[]},{"mode":255,"values":[]}]}