{
    "version": "1.0",
    "title": "controller axis",
    "multiple_choice": false,
    "input_type": "choice",
    "data_len":1,
    "defVal":0,
    "data": [
        {
            "code": 0,
            "name": "X"
        },
        {
            "code": 1,
            "name": "Y"
        },
        {
            "code": 2,
            "name": "rX"
        },
        {
            "code": 3,
            "name": "rY"
        },
        {
            "code": 4,
            "name": "Z"
        },
        {
            "code": 5,
            "name": "rZ"
        }
    ]
}