{
    "version":"1.0",
    "title":"选项字",
    "multiple_choice":true,
    "input_type":"choice",
    "defVal":0,
    "data": [
        {
            "code": 1,
            "name": "上电启动延时"
        },
        {
            "code": 2,
            "name": "启用joystick"
        },
        {
            "code": 4,
            "name": "KVM Compatibility mode"
        },
        {
            "code": 8,
            "name": "禁用灯光"
        },
        {
            "code": 16,
            "name": "surface dial mode"
        },
        {
            "code": 32,
            "name": "AZERTY keyboard"
        }
    ]
}