{
    "version":"1.0",
    "title":"选择字符串",
    "multiple_choice":false,
    "input_type":"choice",
    "defVal":0,
    "data":[{"code":0,"name":"字符串1"},
        {"code":1,"name":"字符串2"},
        {"code":2,"name":"字符串3"},
        {"code":3,"name":"字符串4"},
        {"code":4,"name":"字符串5"},
        {"code":5,"name":"字符串6"},
        {"code":6,"name":"字符串7"},
        {"code":7,"name":"字符串8"},
        {"code":8,"name":"字符串9"},
        {"code":9,"name":"字符串10"},
        {"code":10,"name":"字符串11"},
        {"code":11,"name":"字符串12"},
        {"code":12,"name":"字符串13"},
        {"code":13,"name":"字符串14"},
        {"code":14,"name":"字符串15"},
        {"code":15,"name":"字符串16"},
        {"code":16,"name":"字符串17"},
        {"code":17,"name":"字符串18"},
        {"code":18,"name":"字符串19"},
        {"code":19,"name":"字符串20"},
        {"code":20,"name":"字符串21"},
        {"code":21,"name":"字符串22"},
        {"code":22,"name":"字符串23"},
        {"code":23,"name":"字符串24"},
        {"code":24,"name":"字符串25"},
        {"code":25,"name":"字符串26"},
        {"code":26,"name":"字符串27"},
        {"code":27,"name":"字符串28"},
        {"code":28,"name":"字符串29"},
        {"code":29,"name":"字符串30"},
        {"code":30,"name":"字符串31"},
        {"code":31,"name":"字符串32"},
        {"code":32,"name":"字符串33"},
        {"code":33,"name":"字符串34"},
        {"code":34,"name":"字符串35"},
        {"code":35,"name":"字符串36"},
        {"code":36,"name":"字符串37"},
        {"code":37,"name":"字符串38"},
        {"code":38,"name":"字符串39"},
        {"code":39,"name":"字符串40"},
        {"code":40,"name":"字符串41"},
        {"code":41,"name":"字符串42"},
        {"code":42,"name":"字符串43"},
        {"code":43,"name":"字符串44"},
        {"code":44,"name":"字符串45"},
        {"code":45,"name":"字符串46"},
        {"code":46,"name":"字符串47"},
        {"code":47,"name":"字符串48"},
        {"code":48,"name":"字符串49"},
        {"code":49,"name":"字符串50"},
        {"code":50,"name":"字符串51"},
        {"code":51,"name":"字符串52"},
        {"code":52,"name":"字符串53"},
        {"code":53,"name":"字符串54"},
        {"code":54,"name":"字符串55"},
        {"code":55,"name":"字符串56"},
        {"code":56,"name":"字符串57"},
        {"code":57,"name":"字符串58"},
        {"code":58,"name":"字符串59"},
        {"code":59,"name":"字符串60"},
        {"code":60,"name":"字符串61"},
        {"code":61,"name":"字符串62"},
        {"code":62,"name":"字符串63"},
        {"code":63,"name":"字符串64"},
        {"code":64,"name":"字符串65"},
        {"code":65,"name":"字符串66"},
        {"code":66,"name":"字符串67"},
        {"code":67,"name":"字符串68"},
        {"code":68,"name":"字符串69"},
        {"code":69,"name":"字符串70"},
        {"code":70,"name":"字符串71"},
        {"code":71,"name":"字符串72"},
        {"code":72,"name":"字符串73"},
        {"code":73,"name":"字符串74"},
        {"code":74,"name":"字符串75"},
        {"code":75,"name":"字符串76"},
        {"code":76,"name":"字符串77"},
        {"code":77,"name":"字符串78"},
        {"code":78,"name":"字符串79"},
        {"code":79,"name":"字符串80"},
        {"code":80,"name":"字符串81"},
        {"code":81,"name":"字符串82"},
        {"code":82,"name":"字符串83"},
        {"code":83,"name":"字符串84"},
        {"code":84,"name":"字符串85"},
        {"code":85,"name":"字符串86"},
        {"code":86,"name":"字符串87"},
        {"code":87,"name":"字符串88"},
        {"code":88,"name":"字符串89"},
        {"code":89,"name":"字符串90"},
        {"code":90,"name":"字符串91"},
        {"code":91,"name":"字符串92"},
        {"code":92,"name":"字符串93"},
        {"code":93,"name":"字符串94"},
        {"code":94,"name":"字符串95"},
        {"code":95,"name":"字符串96"},
        {"code":96,"name":"字符串97"},
        {"code":97,"name":"字符串98"},
        {"code":98,"name":"字符串99"},
        {"code":99,"name":"字符串100"},
        {"code":100,"name":"字符串101"},
        {"code":101,"name":"字符串102"},
        {"code":102,"name":"字符串103"},
        {"code":103,"name":"字符串104"},
        {"code":104,"name":"字符串105"},
        {"code":105,"name":"字符串106"},
        {"code":106,"name":"字符串107"},
        {"code":107,"name":"字符串108"},
        {"code":108,"name":"字符串109"},
        {"code":109,"name":"字符串110"},
        {"code":110,"name":"字符串111"},
        {"code":111,"name":"字符串112"},
        {"code":112,"name":"字符串113"},
        {"code":113,"name":"字符串114"},
        {"code":114,"name":"字符串115"},
        {"code":115,"name":"字符串116"},
        {"code":116,"name":"字符串117"},
        {"code":117,"name":"字符串118"},
        {"code":118,"name":"字符串119"},
        {"code":119,"name":"字符串120"},
        {"code":120,"name":"字符串121"},
        {"code":121,"name":"字符串122"},
        {"code":122,"name":"字符串123"},
        {"code":123,"name":"字符串124"},
        {"code":124,"name":"字符串125"},
        {"code":125,"name":"字符串126"},
        {"code":126,"name":"字符串127"},
        {"code":127,"name":"字符串128"}
    ]
}