{
    "version":"1.0",
    "title":"传入的参数",
    "multiple_choice":false,
    "input_type":"choice",
    "defVal":0,
    "data":[
        {
            "code":0,
            "name":"参数1"
        },
        {
            "code":1,
            "name":"参数2"
        },
        {
            "code":2,
            "name":"参数3"
        },
        {
            "code":3,
            "name":"参数4"
        },
        {
            "code":4,
            "name":"R0"
        },
        {
            "code":5,
            "name":"R1"
        },
        {
            "code":6,
            "name":"R2"
        },
        {
            "code":7,
            "name":"R3"
        },
        {
            "code":8,
            "name":"P_DPTR"
        },
        {
            "code":9,
            "name":"DPTR"
        },
        {
            "code":10,
            "name":"IO"
        },
        {
            "code":11,
            "name":"P_R0"
        },
        {
            "code":12,
            "name":"P_R1"
        },
        {
            "code":13,
            "name":"P_R2"
        },
        {
            "code":14,
            "name":"P_R3"
        },
        {
            "code":16,
            "name":"A"
        },
        {
            "code":17,
            "name":"B"
        },
        {
            "code":18,
            "name":"SYS_TIME_MS"
        },
        {
            "code":19,
            "name":"SYS_TIME_S"
        },
        {
            "code":20,
            "name":"S_SYS_KBLED"
        },
        {
            "code":21,
            "name":"S_SYS_KEY_NUM"
        },
        {
            "code":22,
            "name":"S_SYS_KEY_LAY"
        },
        {
            "code":23,
            "name":"S_SCRIPT_ADDR"
        },
        {
            "code":24,
            "name":"S_DATA_RANDOM"
        },
        {
            "code":25,
            "name":"S_SYS_BLE_NUM"
        },
        {
            "code":26,
            "name":"S_SYS_VOLUME"
        }
    ]
}